data,typ,model,kolor,pamiec,stan,cena,cena_liczbowo,alert,prog_alertu,dostepnosc,url
2026-08-22 07:36:44,glowny_produkt,"iPhone 13 128 GB | Dual-SIM (eSIM, Nano-SIM) | Gwiezdna Biel",do_odczytania,do_odczytania,do_odczytania,"1 138,59 zł",1138.59,NIE,1100,W magazynie,https://www.refurbed.pl/p/iphone-13/14165b/?offer=17263393
2026-08-22 07:36:44,sugerowana_konfiguracja,iPhone 13,Gwiazda Polarna,128 GB,Bardzo dobry,"1 379,63 zł",1379.63,NIE,1100,sugerowana konfiguracja,https://www.refurbed.pl/p/iphone-13/14165b/?offer=17263393
2026-08-22 07:36:44,sugerowana_konfiguracja,iPhone 13,Gwiazda Polarna,128 GB,Bardzo dobry,"1 379,63 zł",1379.63,NIE,1100,sugerowana konfiguracja,https://www.refurbed.pl/p/iphone-13/14165b/?offer=17263393
2026-08-22 07:36:44,sugerowana_konfiguracja,iPhone 13,zielony,128 GB,Dobry,"1 183,87 zł",1183.87,NIE,1100,sugerowana konfiguracja,https://www.refurbed.pl/p/iphone-13/14165b/?offer=17263393
2026-08-22 07:36:44,sugerowana_konfiguracja,iPhone 13,niebieski,256 GB,Bardzo dobry,"1 270,95 zł",1270.95,NIE,1100,sugerowana konfiguracja,https://www.refurbed.pl/p/iphone-13/14165b/?offer=17263393
2026-08-21 07:49:13,glowny_produkt,"iPhone 13 128 GB | Dual-SIM (eSIM, Nano-SIM) | Gwiezdna Biel",do_odczytania,do_odczytania,do_odczytania,"1 162,95 zł",1162.95,NIE,1100,W magazynie,https://www.refurbed.pl/p/iphone-13/14165b/?offer=17263393
2026-08-21 07:49:13,sugerowana_konfiguracja,iPhone 13,Gwiazda Polarna,128 GB,Bardzo dobry,"1 381,01 zł",1381.01,NIE,1100,sugerowana konfiguracja,https://www.refurbed.pl/p/iphone-13/14165b/?offer=17263393
2026-08-21 07:49:13,sugerowana_konfiguracja,iPhone 13,Gwiazda Polarna,128 GB,Bardzo dobry,"1 381,01 zł",1381.01,NIE,1100,sugerowana konfiguracja,https://www.refurbed.pl/p/iphone-13/14165b/?offer=17263393
2026-08-21 07:49:13,sugerowana_konfiguracja,iPhone 13,Północ,128 GB,Dobry,"1 169,94 zł",1169.94,NIE,1100,sugerowana konfiguracja,https://www.refurbed.pl/p/iphone-13/14165b/?offer=17263393
2026-08-21 07:49:13,sugerowana_konfiguracja,iPhone 13,Północ,256 GB,Dobry,"1 322,86 zł",1322.86,NIE,1100,sugerowana konfiguracja,https://www.refurbed.pl/p/iphone-13/14165b/?offer=17263393
2026-08-20 07:46:57,glowny_produkt,"iPhone 13 128 GB | Dual-SIM (eSIM, Nano-SIM) | Gwiezdna Biel",do_odczytania,do_odczytania,do_odczytania,"1 154,99 zł",1154.99,NIE,1100,W magazynie,https://www.refurbed.pl/p/iphone-13/14165b/?offer=17263393
2026-08-20 07:46:57,sugerowana_konfiguracja,iPhone 13,Gwiazda Polarna,128 GB,Bardzo dobry,"1 297,87 zł",1297.87,NIE,1100,sugerowana konfiguracja,https://www.refurbed.pl/p/iphone-13/14165b/?offer=17263393
2026-08-20 07:46:57,sugerowana_konfiguracja,iPhone 13,Gwiazda Polarna,128 GB,Bardzo dobry,"1 297,87 zł",1297.87,NIE,1100,sugerowana konfiguracja,https://www.refurbed.pl/p/iphone-13/14165b/?offer=17263393
2026-08-20 07:46:57,sugerowana_konfiguracja,iPhone 13,czerwony,128 GB,Dobry,"1 202,51 zł",1202.51,NIE,1100,sugerowana konfiguracja,https://www.refurbed.pl/p/iphone-13/14165b/?offer=17263393
2026-08-20 07:46:57,sugerowana_konfiguracja,iPhone 13,Północ,256 GB,Dobry,"1 291,92 zł",1291.92,NIE,1100,sugerowana konfiguracja,https://www.refurbed.pl/p/iphone-13/14165b/?offer=17263393
2026-08-19 07:44:11,glowny_produkt,"iPhone 13 128 GB | Dual-SIM (eSIM, Nano-SIM) | Gwiezdna Biel",do_odczytania,do_odczytania,do_odczytania,"1 164,20 zł",1164.2,NIE,1100,W magazynie,https://www.refurbed.pl/p/iphone-13/14165b/?offer=17263393
2026-08-19 07:44:11,sugerowana_konfiguracja,iPhone 13,Gwiazda Polarna,128 GB,Bardzo dobry,"1 299,68 zł",1299.68,NIE,1100,sugerowana konfiguracja,https://www.refurbed.pl/p/iphone-13/14165b/?offer=17263393
2026-08-19 07:44:11,sugerowana_konfiguracja,iPhone 13,Gwiazda Polarna,128 GB,Bardzo dobry,"1 299,68 zł",1299.68,NIE,1100,sugerowana konfiguracja,https://www.refurbed.pl/p/iphone-13/14165b/?offer=17263393
2026-08-19 07:44:11,sugerowana_konfiguracja,iPhone 13,niebieski,128 GB,Dobry,"1 164,20 zł",1164.2,NIE,1100,sugerowana konfiguracja,https://www.refurbed.pl/p/iphone-13/14165b/?offer=17263393
2026-08-19 07:44:11,sugerowana_konfiguracja,iPhone 13,Północ,256 GB,Dobry,"1 189,99 zł",1189.99,NIE,1100,sugerowana konfiguracja,https://www.refurbed.pl/p/iphone-13/14165b/?offer=17263393
2026-08-18 07:43:48,glowny_produkt,"iPhone 13 128 GB | Dual-SIM (eSIM, Nano-SIM) | Gwiezdna Biel",do_odczytania,do_odczytania,do_odczytania,"1 142,85 zł",1142.85,NIE,1100,W magazynie,https://www.refurbed.pl/p/iphone-13/14165b/?offer=17263393
2026-08-18 07:43:48,sugerowana_konfiguracja,iPhone 13,Gwiazda Polarna,128 GB,Bardzo dobry,"1 296,98 zł",1296.98,NIE,1100,sugerowana konfiguracja,https://www.refurbed.pl/p/iphone-13/14165b/?offer=17263393
2026-08-18 07:43:48,sugerowana_konfiguracja,iPhone 13,Gwiazda Polarna,128 GB,Bardzo dobry,"1 296,98 zł",1296.98,NIE,1100,sugerowana konfiguracja,https://www.refurbed.pl/p/iphone-13/14165b/?offer=17263393
2026-08-18 07:43:48,sugerowana_konfiguracja,iPhone 13,niebieski,128 GB,Dobry,"1 142,85 zł",1142.85,NIE,1100,sugerowana konfiguracja,https://www.refurbed.pl/p/iphone-13/14165b/?offer=17263393
2026-08-18 07:43:48,sugerowana_konfiguracja,iPhone 13,Północ,256 GB,Dobry,"1 294,99 zł",1294.99,NIE,1100,sugerowana konfiguracja,https://www.refurbed.pl/p/iphone-13/14165b/?offer=17263393
2026-08-17 07:55:40,glowny_produkt,"iPhone 13 128 GB | Dual-SIM (eSIM, Nano-SIM) | Gwiezdna Biel",do_odczytania,do_odczytania,do_odczytania,"1 219,10 zł",1219.1,NIE,1100,W magazynie,https://www.refurbed.pl/p/iphone-13/14165b/?offer=17263393
2026-08-17 07:55:40,sugerowana_konfiguracja,iPhone 13,Gwiazda Polarna,128 GB,Bardzo dobry,"1 295,18 zł",1295.18,NIE,1100,sugerowana konfiguracja,https://www.refurbed.pl/p/iphone-13/14165b/?offer=17263393
2026-08-17 07:55:40,sugerowana_konfiguracja,iPhone 13,Gwiazda Polarna,128 GB,Bardzo dobry,"1 295,18 zł",1295.18,NIE,1100,sugerowana konfiguracja,https://www.refurbed.pl/p/iphone-13/14165b/?offer=17263393
2026-08-17 07:55:40,sugerowana_konfiguracja,iPhone 13,różowy,128 GB,Dobry,"1 244,99 zł",1244.99,NIE,1100,sugerowana konfiguracja,https://www.refurbed.pl/p/iphone-13/14165b/?offer=17263393
2026-08-17 07:55:40,sugerowana_konfiguracja,iPhone 13,czerwony,256 GB,Dobry,"1 374,23 zł",1374.23,NIE,1100,sugerowana konfiguracja,https://www.refurbed.pl/p/iphone-13/14165b/?offer=17263393
2026-08-16 07:36:26,sugerowana_konfiguracja,iPhone 13,Gwiazda Polarna,128 GB,Bardzo dobry,"1 295,08 zł",1295.08,NIE,1100,sugerowana konfiguracja,https://www.refurbed.pl/p/iphone-13/14165b/?offer=17263393
2026-08-16 07:36:26,sugerowana_konfiguracja,iPhone 13,Gwiazda Polarna,128 GB,Bardzo dobry,"1 295,08 zł",1295.08,NIE,1100,sugerowana konfiguracja,https://www.refurbed.pl/p/iphone-13/14165b/?offer=17263393
2026-08-16 07:36:26,sugerowana_konfiguracja,iPhone 13,zielony,128 GB,Dobry,"1 206,13 zł",1206.13,NIE,1100,sugerowana konfiguracja,https://www.refurbed.pl/p/iphone-13/14165b/?offer=17263393
2026-08-16 07:36:26,sugerowana_konfiguracja,iPhone 13,Gwiazda Polarna,256 GB,Bardzo dobry,"1 272,94 zł",1272.94,NIE,1100,sugerowana konfiguracja,https://www.refurbed.pl/p/iphone-13/14165b/?offer=17263393
2026-08-16 07:36:25,glowny_produkt,"iPhone 13 128 GB | Dual-SIM (eSIM, Nano-SIM) | Gwiezdna Biel",do_odczytania,do_odczytania,do_odczytania,"1 163,06 zł",1163.06,NIE,1100,W magazynie,https://www.refurbed.pl/p/iphone-13/14165b/?offer=17263393
2026-08-15 07:35:33,glowny_produkt,"iPhone 13 128 GB | Dual-SIM (eSIM, Nano-SIM) | Gwiezdna Biel",do_odczytania,do_odczytania,do_odczytania,"1 106,90 zł",1106.9,NIE,1100,W magazynie,https://www.refurbed.pl/p/iphone-13/14165b/?offer=17263393
2026-08-15 07:35:33,sugerowana_konfiguracja,iPhone 13,Gwiazda Polarna,128 GB,Bardzo dobry,"1 294,90 zł",1294.9,NIE,1100,sugerowana konfiguracja,https://www.refurbed.pl/p/iphone-13/14165b/?offer=17263393
2026-08-15 07:35:33,sugerowana_konfiguracja,iPhone 13,Gwiazda Polarna,128 GB,Bardzo dobry,"1 294,90 zł",1294.9,NIE,1100,sugerowana konfiguracja,https://www.refurbed.pl/p/iphone-13/14165b/?offer=17263393
2026-08-15 07:35:33,sugerowana_konfiguracja,iPhone 13,różowy,128 GB,Dobry,"1 115,51 zł",1115.51,NIE,1100,sugerowana konfiguracja,https://www.refurbed.pl/p/iphone-13/14165b/?offer=17263393
2026-08-15 07:35:33,sugerowana_konfiguracja,iPhone 13,Gwiazda Polarna,256 GB,Bardzo dobry,"1 272,76 zł",1272.76,NIE,1100,sugerowana konfiguracja,https://www.refurbed.pl/p/iphone-13/14165b/?offer=17263393
2026-08-14 08:21:11,glowny_produkt,"iPhone 13 128 GB | Dual-SIM (eSIM, Nano-SIM) | Gwiezdna Biel",do_odczytania,do_odczytania,do_odczytania,"1 163,84 zł",1163.84,NIE,1100,W magazynie,https://www.refurbed.pl/p/iphone-13/14165b/?offer=17263393
2026-08-14 08:21:11,sugerowana_konfiguracja,iPhone 13,Gwiazda Polarna,128 GB,Bardzo dobry,"1 295,96 zł",1295.96,NIE,1100,sugerowana konfiguracja,https://www.refurbed.pl/p/iphone-13/14165b/?offer=17263393
2026-08-14 08:21:11,sugerowana_konfiguracja,iPhone 13,Gwiazda Polarna,128 GB,Bardzo dobry,"1 295,96 zł",1295.96,NIE,1100,sugerowana konfiguracja,https://www.refurbed.pl/p/iphone-13/14165b/?offer=17263393
2026-08-14 08:21:11,sugerowana_konfiguracja,iPhone 13,Północ,128 GB,Dobry,"1 216,08 zł",1216.08,NIE,1100,sugerowana konfiguracja,https://www.refurbed.pl/p/iphone-13/14165b/?offer=17263393
2026-08-14 08:21:11,sugerowana_konfiguracja,iPhone 13,Gwiazda Polarna,256 GB,Dobry,"1 340,53 zł",1340.53,NIE,1100,sugerowana konfiguracja,https://www.refurbed.pl/p/iphone-13/14165b/?offer=17263393
2026-08-13 08:26:00,glowny_produkt,"iPhone 13 128 GB | Dual-SIM (eSIM, Nano-SIM) | Gwiezdna Biel",do_odczytania,do_odczytania,do_odczytania,"1 054,90 zł",1054.9,TAK,1100,W magazynie,https://www.refurbed.pl/p/iphone-13/14165b/?offer=17263393
2026-08-13 08:26:00,sugerowana_konfiguracja,iPhone 13,Gwiazda Polarna,128 GB,Bardzo dobry,"1 294,51 zł",1294.51,NIE,1100,sugerowana konfiguracja,https://www.refurbed.pl/p/iphone-13/14165b/?offer=17263393
2026-08-13 08:26:00,sugerowana_konfiguracja,iPhone 13,Gwiazda Polarna,128 GB,Bardzo dobry,"1 294,51 zł",1294.51,NIE,1100,sugerowana konfiguracja,https://www.refurbed.pl/p/iphone-13/14165b/?offer=17263393
2026-08-13 08:26:00,sugerowana_konfiguracja,iPhone 13,Północ,128 GB,Dobry,"1 214,73 zł",1214.73,NIE,1100,sugerowana konfiguracja,https://www.refurbed.pl/p/iphone-13/14165b/?offer=17263393
2026-08-13 08:26:00,sugerowana_konfiguracja,iPhone 13,Gwiazda Polarna,256 GB,Bardzo dobry,"1 312,16 zł",1312.16,NIE,1100,sugerowana konfiguracja,https://www.refurbed.pl/p/iphone-13/14165b/?offer=17263393
2026-08-12 08:23:09,glowny_produkt,"iPhone 13 128 GB | Dual-SIM (eSIM, Nano-SIM) | Gwiezdna Biel",do_odczytania,do_odczytania,do_odczytania,"1 053,72 zł",1053.72,TAK,1100,W magazynie,https://www.refurbed.pl/p/iphone-13/14165b/?offer=17263393
2026-08-12 08:23:09,sugerowana_konfiguracja,iPhone 13,Gwiazda Polarna,128 GB,Bardzo dobry,"1 293,06 zł",1293.06,NIE,1100,sugerowana konfiguracja,https://www.refurbed.pl/p/iphone-13/14165b/?offer=17263393
2026-08-12 08:23:09,sugerowana_konfiguracja,iPhone 13,Gwiazda Polarna,128 GB,Bardzo dobry,"1 293,06 zł",1293.06,NIE,1100,sugerowana konfiguracja,https://www.refurbed.pl/p/iphone-13/14165b/?offer=17263393
2026-08-12 08:23:09,sugerowana_konfiguracja,iPhone 13,niebieski,128 GB,Dobry,"1 206,06 zł",1206.06,NIE,1100,sugerowana konfiguracja,https://www.refurbed.pl/p/iphone-13/14165b/?offer=17263393
2026-08-12 08:23:09,sugerowana_konfiguracja,iPhone 13,czerwony,256 GB,Dobry,"1 371,98 zł",1371.98,NIE,1100,sugerowana konfiguracja,https://www.refurbed.pl/p/iphone-13/14165b/?offer=17263393
2026-08-11 08:12:25,glowny_produkt,"iPhone 13 128 GB | Dual-SIM (eSIM, Nano-SIM) | Gwiezdna poświata",do_odczytania,do_odczytania,do_odczytania,"1 075,48 zł",1075.48,TAK,1100,W magazynie,https://www.refurbed.pl/p/iphone-13/14165b/?offer=17263393
2026-08-11 08:12:25,sugerowana_konfiguracja,iPhone 13,Gwiazda Polarna,128 GB,Bardzo dobry,"1 293,38 zł",1293.38,NIE,1100,sugerowana konfiguracja,https://www.refurbed.pl/p/iphone-13/14165b/?offer=17263393
2026-08-11 08:12:25,sugerowana_konfiguracja,iPhone 13,Gwiazda Polarna,128 GB,Bardzo dobry,"1 293,38 zł",1293.38,NIE,1100,sugerowana konfiguracja,https://www.refurbed.pl/p/iphone-13/14165b/?offer=17263393
2026-08-11 08:12:25,sugerowana_konfiguracja,iPhone 13,zielony,128 GB,Dobry,"1 164,99 zł",1164.99,NIE,1100,sugerowana konfiguracja,https://www.refurbed.pl/p/iphone-13/14165b/?offer=17263393
2026-08-11 08:12:25,sugerowana_konfiguracja,iPhone 13,Gwiazda Polarna,256 GB,Dobry,"1 329,99 zł",1329.99,NIE,1100,sugerowana konfiguracja,https://www.refurbed.pl/p/iphone-13/14165b/?offer=17263393
2026-08-10 08:44:12,glowny_produkt,"iPhone 13 128 GB | Dual-SIM (eSIM, Nano-SIM) | Gwiezdna poświata",do_odczytania,do_odczytania,do_odczytania,"1 094,74 zł",1094.74,TAK,1100,W magazynie,https://www.refurbed.pl/p/iphone-13/14165b/?offer=17263393
2026-08-10 08:44:12,sugerowana_konfiguracja,iPhone 13,Gwiazda Polarna,128 GB,Bardzo dobry,"1 267,36 zł",1267.36,NIE,1100,sugerowana konfiguracja,https://www.refurbed.pl/p/iphone-13/14165b/?offer=17263393
2026-08-10 08:44:12,sugerowana_konfiguracja,iPhone 13,Gwiazda Polarna,128 GB,Bardzo dobry,"1 267,36 zł",1267.36,NIE,1100,sugerowana konfiguracja,https://www.refurbed.pl/p/iphone-13/14165b/?offer=17263393
2026-08-10 08:44:12,sugerowana_konfiguracja,iPhone 13,Północ,128 GB,Dobry,"1 242,17 zł",1242.17,NIE,1100,sugerowana konfiguracja,https://www.refurbed.pl/p/iphone-13/14165b/?offer=17263393
2026-08-10 08:44:12,sugerowana_konfiguracja,iPhone 13,czerwony,256 GB,Dobry,"1 371,11 zł",1371.11,NIE,1100,sugerowana konfiguracja,https://www.refurbed.pl/p/iphone-13/14165b/?offer=17263393
2026-08-09 07:56:05,glowny_produkt,"iPhone 13 128 GB | Dual-SIM (eSIM, Nano-SIM) | Gwiezdna poświata",do_odczytania,do_odczytania,do_odczytania,"1 080,98 zł",1080.98,TAK,1100,W magazynie,https://www.refurbed.pl/p/iphone-13/14165b/?offer=17263393
2026-08-09 07:56:05,sugerowana_konfiguracja,iPhone 13,Gwiazda Polarna,128 GB,Bardzo dobry,"1 266,24 zł",1266.24,NIE,1100,sugerowana konfiguracja,https://www.refurbed.pl/p/iphone-13/14165b/?offer=17263393
2026-08-09 07:56:05,sugerowana_konfiguracja,iPhone 13,Gwiazda Polarna,128 GB,Bardzo dobry,"1 266,24 zł",1266.24,NIE,1100,sugerowana konfiguracja,https://www.refurbed.pl/p/iphone-13/14165b/?offer=17263393
2026-08-09 07:56:05,sugerowana_konfiguracja,iPhone 13,niebieski,128 GB,Dobry,"1 163,77 zł",1163.77,NIE,1100,sugerowana konfiguracja,https://www.refurbed.pl/p/iphone-13/14165b/?offer=17263393
2026-08-09 07:56:05,sugerowana_konfiguracja,iPhone 13,czerwony,256 GB,Dobry,"1 369,90 zł",1369.9,NIE,1100,sugerowana konfiguracja,https://www.refurbed.pl/p/iphone-13/14165b/?offer=17263393
2026-08-08 07:52:50,glowny_produkt,"iPhone 13 128 GB | Dual-SIM (eSIM, Nano-SIM) | Gwiezdna poświata",do_odczytania,do_odczytania,do_odczytania,"1 074,99 zł",1074.99,TAK,1100,W magazynie,https://www.refurbed.pl/p/iphone-13/14165b/?offer=17263393
2026-08-08 07:52:50,sugerowana_konfiguracja,iPhone 13,Gwiazda Polarna,128 GB,Bardzo dobry,"1 267,56 zł",1267.56,NIE,1100,sugerowana konfiguracja,https://www.refurbed.pl/p/iphone-13/14165b/?offer=17263393
2026-08-08 07:52:50,sugerowana_konfiguracja,iPhone 13,Gwiazda Polarna,128 GB,Bardzo dobry,"1 267,56 zł",1267.56,NIE,1100,sugerowana konfiguracja,https://www.refurbed.pl/p/iphone-13/14165b/?offer=17263393
2026-08-08 07:52:50,sugerowana_konfiguracja,iPhone 13,czerwony,128 GB,Dobry,"1 112,40 zł",1112.4,NIE,1100,sugerowana konfiguracja,https://www.refurbed.pl/p/iphone-13/14165b/?offer=17263393
2026-08-08 07:52:50,sugerowana_konfiguracja,iPhone 13,niebieski,256 GB,Dobry,"1 196,71 zł",1196.71,NIE,1100,sugerowana konfiguracja,https://www.refurbed.pl/p/iphone-13/14165b/?offer=17263393
2026-08-07 08:18:42,glowny_produkt,"iPhone 13 128 GB | Dual-SIM (eSIM, Nano-SIM) | Gwiezdna poświata",do_odczytania,do_odczytania,do_odczytania,"1 161,17 zł",1161.17,NIE,1100,W magazynie,https://www.refurbed.pl/p/iphone-13/14165b/?offer=17263393
2026-08-07 08:18:42,sugerowana_konfiguracja,iPhone 13,Gwiazda Polarna,128 GB,Bardzo dobry,"1 268,08 zł",1268.08,NIE,1100,sugerowana konfiguracja,https://www.refurbed.pl/p/iphone-13/14165b/?offer=17263393
2026-08-07 08:18:42,sugerowana_konfiguracja,iPhone 13,Gwiazda Polarna,128 GB,Bardzo dobry,"1 268,08 zł",1268.08,NIE,1100,sugerowana konfiguracja,https://www.refurbed.pl/p/iphone-13/14165b/?offer=17263393
2026-08-07 08:18:42,sugerowana_konfiguracja,iPhone 13,zielony,128 GB,Dobry,"1 161,17 zł",1161.17,NIE,1100,sugerowana konfiguracja,https://www.refurbed.pl/p/iphone-13/14165b/?offer=17263393
2026-08-07 08:18:42,sugerowana_konfiguracja,iPhone 13,Gwiazda Polarna,256 GB,Dobry,"1 292,98 zł",1292.98,NIE,1100,sugerowana konfiguracja,https://www.refurbed.pl/p/iphone-13/14165b/?offer=17263393
2026-08-06 09:43:30,glowny_produkt,"iPhone 13 128 GB | Dual-SIM (eSIM, Nano-SIM) | Gwiezdna poświata",do_odczytania,do_odczytania,do_odczytania,"1 105,14 zł",1105.14,NIE,1100,W magazynie,https://www.refurbed.pl/p/iphone-13/14165b/?offer=17263393
2026-08-06 09:43:30,sugerowana_konfiguracja,iPhone 13,Gwiazda Polarna,128 GB,Bardzo dobry,"1 267,95 zł",1267.95,NIE,1100,sugerowana konfiguracja,https://www.refurbed.pl/p/iphone-13/14165b/?offer=17263393
2026-08-06 09:43:30,sugerowana_konfiguracja,iPhone 13,Gwiazda Polarna,128 GB,Bardzo dobry,"1 267,95 zł",1267.95,NIE,1100,sugerowana konfiguracja,https://www.refurbed.pl/p/iphone-13/14165b/?offer=17263393
2026-08-06 09:43:30,sugerowana_konfiguracja,iPhone 13,Północ,128 GB,Dobry,"1 213,16 zł",1213.16,NIE,1100,sugerowana konfiguracja,https://www.refurbed.pl/p/iphone-13/14165b/?offer=17263393
2026-08-06 09:43:30,sugerowana_konfiguracja,iPhone 13,czerwony,256 GB,Dobry,"1 371,75 zł",1371.75,NIE,1100,sugerowana konfiguracja,https://www.refurbed.pl/p/iphone-13/14165b/?offer=17263393
2026-08-05 09:41:04,glowny_produkt,"iPhone 13 128 GB | Dual-SIM (eSIM, Nano-SIM) | Gwiezdna poświata",do_odczytania,do_odczytania,do_odczytania,"1 190,15 zł",1190.15,NIE,1100,W magazynie,https://www.refurbed.pl/p/iphone-13/14165b/?offer=17263393
2026-08-05 09:41:04,sugerowana_konfiguracja,iPhone 13,Gwiazda Polarna,128 GB,Bardzo dobry,"1 266,88 zł",1266.88,NIE,1100,sugerowana konfiguracja,https://www.refurbed.pl/p/iphone-13/14165b/?offer=17263393
2026-08-05 09:41:04,sugerowana_konfiguracja,iPhone 13,Gwiazda Polarna,128 GB,Bardzo dobry,"1 266,88 zł",1266.88,NIE,1100,sugerowana konfiguracja,https://www.refurbed.pl/p/iphone-13/14165b/?offer=17263393
2026-08-05 09:41:04,sugerowana_konfiguracja,iPhone 13,czerwony,128 GB,Bardzo dobry,"1 228,82 zł",1228.82,NIE,1100,sugerowana konfiguracja,https://www.refurbed.pl/p/iphone-13/14165b/?offer=17263393
2026-08-05 09:41:04,sugerowana_konfiguracja,iPhone 13,czerwony,256 GB,Dobry,"1 323,34 zł",1323.34,NIE,1100,sugerowana konfiguracja,https://www.refurbed.pl/p/iphone-13/14165b/?offer=17263393
2026-08-04 09:42:00,glowny_produkt,"iPhone 13 128 GB | Dual-SIM (eSIM, Nano-SIM) | Gwiezdna poświata",do_odczytania,do_odczytania,do_odczytania,"1 194,65 zł",1194.65,NIE,1100,W magazynie,https://www.refurbed.pl/p/iphone-13/14165b/?offer=17263393
2026-08-04 09:42:00,sugerowana_konfiguracja,iPhone 13,Gwiazda Polarna,128 GB,Bardzo dobry,"1 271,67 zł",1271.67,NIE,1100,sugerowana konfiguracja,https://www.refurbed.pl/p/iphone-13/14165b/?offer=17263393
2026-08-04 09:42:00,sugerowana_konfiguracja,iPhone 13,Gwiazda Polarna,128 GB,Bardzo dobry,"1 271,67 zł",1271.67,NIE,1100,sugerowana konfiguracja,https://www.refurbed.pl/p/iphone-13/14165b/?offer=17263393
2026-08-04 09:42:00,sugerowana_konfiguracja,iPhone 13,zielony,128 GB,Bardzo dobry,"1 233,46 zł",1233.46,NIE,1100,sugerowana konfiguracja,https://www.refurbed.pl/p/iphone-13/14165b/?offer=17263393
2026-08-04 09:42:00,sugerowana_konfiguracja,iPhone 13,różowy,256 GB,Dobry,"1 341,24 zł",1341.24,NIE,1100,sugerowana konfiguracja,https://www.refurbed.pl/p/iphone-13/14165b/?offer=17263393
2026-08-03 10:49:23,glowny_produkt,"iPhone 13 128 GB | Dual-SIM (eSIM, Nano-SIM) | Gwiezdna poświata",do_odczytania,do_odczytania,do_odczytania,"1 145,61 zł",1145.61,NIE,1100,W magazynie,https://www.refurbed.pl/p/iphone-13/14165b/?offer=17263393
2026-08-03 10:49:23,sugerowana_konfiguracja,iPhone 13,Gwiazda Polarna,128 GB,Bardzo dobry,"1 270,36 zł",1270.36,NIE,1100,sugerowana konfiguracja,https://www.refurbed.pl/p/iphone-13/14165b/?offer=17263393
2026-08-03 10:49:23,sugerowana_konfiguracja,iPhone 13,Gwiazda Polarna,128 GB,Bardzo dobry,"1 270,36 zł",1270.36,NIE,1100,sugerowana konfiguracja,https://www.refurbed.pl/p/iphone-13/14165b/?offer=17263393
2026-08-03 10:49:23,sugerowana_konfiguracja,iPhone 13,niebieski,128 GB,Dobry,"1 145,61 zł",1145.61,NIE,1100,sugerowana konfiguracja,https://www.refurbed.pl/p/iphone-13/14165b/?offer=17263393
2026-08-03 10:49:23,sugerowana_konfiguracja,iPhone 13,czerwony,256 GB,Dobry,"1 326,97 zł",1326.97,NIE,1100,sugerowana konfiguracja,https://www.refurbed.pl/p/iphone-13/14165b/?offer=17263393
2026-08-02 09:13:56,glowny_produkt,"iPhone 13 128 GB | Dual-SIM (eSIM, Nano-SIM) | Gwiezdna poświata",do_odczytania,do_odczytania,do_odczytania,"1 206,80 zł",1206.8,NIE,1100,W magazynie,https://www.refurbed.pl/p/iphone-13/14165b/?offer=17263393
2026-08-02 09:13:56,sugerowana_konfiguracja,iPhone 13,Gwiazda Polarna,128 GB,Bardzo dobry,"1 270,85 zł",1270.85,NIE,1100,sugerowana konfiguracja,https://www.refurbed.pl/p/iphone-13/14165b/?offer=17263393
2026-08-02 09:13:56,sugerowana_konfiguracja,iPhone 13,Gwiazda Polarna,128 GB,Bardzo dobry,"1 270,85 zł",1270.85,NIE,1100,sugerowana konfiguracja,https://www.refurbed.pl/p/iphone-13/14165b/?offer=17263393
2026-08-02 09:13:56,sugerowana_konfiguracja,iPhone 13,niebieski,128 GB,Dobry,"1 206,80 zł",1206.8,NIE,1100,sugerowana konfiguracja,https://www.refurbed.pl/p/iphone-13/14165b/?offer=17263393
2026-08-02 09:13:56,sugerowana_konfiguracja,iPhone 13,czerwony,256 GB,Dobry,"1 327,48 zł",1327.48,NIE,1100,sugerowana konfiguracja,https://www.refurbed.pl/p/iphone-13/14165b/?offer=17263393
2026-08-01 09:10:40,glowny_produkt,"iPhone 13 128 GB | Dual-SIM (eSIM, Nano-SIM) | Gwiezdna poświata",do_odczytania,do_odczytania,do_odczytania,"1 107,67 zł",1107.67,NIE,1100,W magazynie,https://www.refurbed.pl/p/iphone-13/14165b/?offer=17263393
2026-08-01 09:10:40,sugerowana_konfiguracja,iPhone 13,Gwiazda Polarna,128 GB,Bardzo dobry,"1 270,85 zł",1270.85,NIE,1100,sugerowana konfiguracja,https://www.refurbed.pl/p/iphone-13/14165b/?offer=17263393
2026-08-01 09:10:40,sugerowana_konfiguracja,iPhone 13,Gwiazda Polarna,128 GB,Bardzo dobry,"1 270,85 zł",1270.85,NIE,1100,sugerowana konfiguracja,https://www.refurbed.pl/p/iphone-13/14165b/?offer=17263393
2026-08-01 09:10:40,sugerowana_konfiguracja,iPhone 13,Północ,128 GB,Dobry,"1 174,99 zł",1174.99,NIE,1100,sugerowana konfiguracja,https://www.refurbed.pl/p/iphone-13/14165b/?offer=17263393
2026-08-01 09:10:40,sugerowana_konfiguracja,iPhone 13,czerwony,256 GB,Dobry,"1 327,48 zł",1327.48,NIE,1100,sugerowana konfiguracja,https://www.refurbed.pl/p/iphone-13/14165b/?offer=17263393
2026-07-31 09:49:31,glowny_produkt,"iPhone 13 128 GB | Dual-SIM (eSIM, Nano-SIM) | Gwiezdna poświata",do_odczytania,do_odczytania,do_odczytania,"1 169,99 zł",1169.99,NIE,1100,W magazynie,https://www.refurbed.pl/p/iphone-13/14165b/?offer=17263393
2026-07-31 09:49:31,sugerowana_konfiguracja,iPhone 13,Gwiazda Polarna,128 GB,Bardzo dobry,"1 294,86 zł",1294.86,NIE,1100,sugerowana konfiguracja,https://www.refurbed.pl/p/iphone-13/14165b/?offer=17263393
2026-07-31 09:49:31,sugerowana_konfiguracja,iPhone 13,Gwiazda Polarna,128 GB,Bardzo dobry,"1 294,86 zł",1294.86,NIE,1100,sugerowana konfiguracja,https://www.refurbed.pl/p/iphone-13/14165b/?offer=17263393
2026-07-31 09:49:31,sugerowana_konfiguracja,iPhone 13,Północ,128 GB,Bardzo dobry,"1 195,46 zł",1195.46,NIE,1100,sugerowana konfiguracja,https://www.refurbed.pl/p/iphone-13/14165b/?offer=17263393
2026-07-31 09:49:31,sugerowana_konfiguracja,iPhone 13,czerwony,256 GB,Dobry,"1 326,51 zł",1326.51,NIE,1100,sugerowana konfiguracja,https://www.refurbed.pl/p/iphone-13/14165b/?offer=17263393
2026-07-30 09:34:19,glowny_produkt,"iPhone 13 128 GB | Dual-SIM (eSIM, Nano-SIM) | Gwiezdna poświata",do_odczytania,do_odczytania,do_odczytania,"1 203,41 zł",1203.41,NIE,1100,W magazynie,https://www.refurbed.pl/p/iphone-13/14165b/?offer=17263393
2026-07-30 09:34:19,sugerowana_konfiguracja,iPhone 13,Gwiazda Polarna,128 GB,Bardzo dobry,"1 275,47 zł",1275.47,NIE,1100,sugerowana konfiguracja,https://www.refurbed.pl/p/iphone-13/14165b/?offer=17263393
2026-07-30 09:34:19,sugerowana_konfiguracja,iPhone 13,Gwiazda Polarna,128 GB,Bardzo dobry,"1 275,47 zł",1275.47,NIE,1100,sugerowana konfiguracja,https://www.refurbed.pl/p/iphone-13/14165b/?offer=17263393
2026-07-30 09:34:19,sugerowana_konfiguracja,iPhone 13,Północ,128 GB,Bardzo dobry,"1 250,12 zł",1250.12,NIE,1100,sugerowana konfiguracja,https://www.refurbed.pl/p/iphone-13/14165b/?offer=17263393
2026-07-30 09:34:19,sugerowana_konfiguracja,iPhone 13,niebieski,256 GB,Dobry,"1 250,12 zł",1250.12,NIE,1100,sugerowana konfiguracja,https://www.refurbed.pl/p/iphone-13/14165b/?offer=17263393
2026-07-29 09:42:36,glowny_produkt,"iPhone 13 128 GB | Dual-SIM (eSIM, Nano-SIM) | Gwiezdna poświata",do_odczytania,do_odczytania,do_odczytania,"1 107,45 zł",1107.45,NIE,1100,W magazynie,https://www.refurbed.pl/p/iphone-13/14165b/?offer=17263393
2026-07-29 09:42:36,sugerowana_konfiguracja,iPhone 13,Gwiazda Polarna,128 GB,Bardzo dobry,"1 275,56 zł",1275.56,NIE,1100,sugerowana konfiguracja,https://www.refurbed.pl/p/iphone-13/14165b/?offer=17263393
2026-07-29 09:42:36,sugerowana_konfiguracja,iPhone 13,Gwiazda Polarna,128 GB,Bardzo dobry,"1 275,56 zł",1275.56,NIE,1100,sugerowana konfiguracja,https://www.refurbed.pl/p/iphone-13/14165b/?offer=17263393
2026-07-29 09:42:36,sugerowana_konfiguracja,iPhone 13,Północ,128 GB,Bardzo dobry,"1 250,21 zł",1250.21,NIE,1100,sugerowana konfiguracja,https://www.refurbed.pl/p/iphone-13/14165b/?offer=17263393
2026-07-29 09:42:36,sugerowana_konfiguracja,iPhone 13,Północ,256 GB,Dobry,"1 362,69 zł",1362.69,NIE,1100,sugerowana konfiguracja,https://www.refurbed.pl/p/iphone-13/14165b/?offer=17263393
2026-07-28 09:40:01,glowny_produkt,"iPhone 13 128 GB | Dual-SIM (eSIM, Nano-SIM) | Gwiezdna poświata",do_odczytania,do_odczytania,do_odczytania,"1 137,12 zł",1137.12,NIE,1100,W magazynie,https://www.refurbed.pl/p/iphone-13/14165b/?offer=17263393
2026-07-28 09:40:01,sugerowana_konfiguracja,iPhone 13,Gwiazda Polarna,128 GB,Bardzo dobry,"1 274,58 zł",1274.58,NIE,1100,sugerowana konfiguracja,https://www.refurbed.pl/p/iphone-13/14165b/?offer=17263393
2026-07-28 09:40:01,sugerowana_konfiguracja,iPhone 13,Gwiazda Polarna,128 GB,Bardzo dobry,"1 274,58 zł",1274.58,NIE,1100,sugerowana konfiguracja,https://www.refurbed.pl/p/iphone-13/14165b/?offer=17263393
2026-07-28 09:40:01,sugerowana_konfiguracja,iPhone 13,różowy,128 GB,Dobry,"1 137,12 zł",1137.12,NIE,1100,sugerowana konfiguracja,https://www.refurbed.pl/p/iphone-13/14165b/?offer=17263393
2026-07-28 09:40:01,sugerowana_konfiguracja,iPhone 13,Północ,256 GB,Dobry,"1 275,15 zł",1275.15,NIE,1100,sugerowana konfiguracja,https://www.refurbed.pl/p/iphone-13/14165b/?offer=17263393
2026-07-28 09:40:01,sugerowana_konfiguracja,iPhone 13,Północ,512 GB,Premium,"1 859,99 zł",1859.99,NIE,1100,sugerowana konfiguracja,https://www.refurbed.pl/p/iphone-13/14165b/?offer=17263393
2026-07-27 10:48:57,glowny_produkt,"iPhone 13 128 GB | Dual-SIM (eSIM, Nano-SIM) | Gwiezdna poświata",do_odczytania,do_odczytania,do_odczytania,"1 135,48 zł",1135.48,NIE,1100,W magazynie,https://www.refurbed.pl/p/iphone-13/14165b/?offer=17263393
2026-07-27 10:48:57,sugerowana_konfiguracja,iPhone 13,Gwiazda Polarna,128 GB,Bardzo dobry,"1 272,75 zł",1272.75,NIE,1100,sugerowana konfiguracja,https://www.refurbed.pl/p/iphone-13/14165b/?offer=17263393
2026-07-27 10:48:57,sugerowana_konfiguracja,iPhone 13,Gwiazda Polarna,128 GB,Bardzo dobry,"1 272,75 zł",1272.75,NIE,1100,sugerowana konfiguracja,https://www.refurbed.pl/p/iphone-13/14165b/?offer=17263393
2026-07-27 10:48:57,sugerowana_konfiguracja,iPhone 13,różowy,128 GB,Dobry,"1 135,48 zł",1135.48,NIE,1100,sugerowana konfiguracja,https://www.refurbed.pl/p/iphone-13/14165b/?offer=17263393
2026-07-27 10:48:57,sugerowana_konfiguracja,iPhone 13,różowy,256 GB,Bardzo dobry,"1 428,70 zł",1428.7,NIE,1100,sugerowana konfiguracja,https://www.refurbed.pl/p/iphone-13/14165b/?offer=17263393
2026-07-27 10:48:57,sugerowana_konfiguracja,iPhone 13,Północ,512 GB,Premium,"1 859,99 zł",1859.99,NIE,1100,sugerowana konfiguracja,https://www.refurbed.pl/p/iphone-13/14165b/?offer=17263393
2026-07-26 09:19:15,glowny_produkt,"iPhone 13 128 GB | Dual-SIM (eSIM, Nano-SIM) | Gwiezdna poświata",do_odczytania,do_odczytania,do_odczytania,"1 136,25 zł",1136.25,NIE,1100,W magazynie,https://www.refurbed.pl/p/iphone-13/14165b/?offer=17263393
2026-07-26 09:19:15,sugerowana_konfiguracja,iPhone 13,Gwiazda Polarna,128 GB,Bardzo dobry,"1 273,61 zł",1273.61,NIE,1100,sugerowana konfiguracja,https://www.refurbed.pl/p/iphone-13/14165b/?offer=17263393
2026-07-26 09:19:15,sugerowana_konfiguracja,iPhone 13,Gwiazda Polarna,128 GB,Bardzo dobry,"1 273,61 zł",1273.61,NIE,1100,sugerowana konfiguracja,https://www.refurbed.pl/p/iphone-13/14165b/?offer=17263393
2026-07-26 09:19:15,sugerowana_konfiguracja,iPhone 13,różowy,128 GB,Dobry,"1 136,25 zł",1136.25,NIE,1100,sugerowana konfiguracja,https://www.refurbed.pl/p/iphone-13/14165b/?offer=17263393
2026-07-26 09:19:15,sugerowana_konfiguracja,iPhone 13,zielony,256 GB,Dobry,"1 360,60 zł",1360.6,NIE,1100,sugerowana konfiguracja,https://www.refurbed.pl/p/iphone-13/14165b/?offer=17263393
2026-07-26 09:19:15,sugerowana_konfiguracja,iPhone 13,Północ,512 GB,Premium,"1 869,99 zł",1869.99,NIE,1100,sugerowana konfiguracja,https://www.refurbed.pl/p/iphone-13/14165b/?offer=17263393
2026-07-25 09:04:27,glowny_produkt,"iPhone 13 128 GB | Dual-SIM (eSIM, Nano-SIM) | Gwiezdna poświata",do_odczytania,do_odczytania,do_odczytania,"1 136,33 zł",1136.33,NIE,1100,W magazynie,https://www.refurbed.pl/p/iphone-13/14165b/?offer=17263393
2026-07-25 09:04:27,sugerowana_konfiguracja,iPhone 13,Gwiazda Polarna,128 GB,Bardzo dobry,"1 273,69 zł",1273.69,NIE,1100,sugerowana konfiguracja,https://www.refurbed.pl/p/iphone-13/14165b/?offer=17263393
2026-07-25 09:04:27,sugerowana_konfiguracja,iPhone 13,Gwiazda Polarna,128 GB,Bardzo dobry,"1 273,69 zł",1273.69,NIE,1100,sugerowana konfiguracja,https://www.refurbed.pl/p/iphone-13/14165b/?offer=17263393
2026-07-25 09:04:27,sugerowana_konfiguracja,iPhone 13,różowy,128 GB,Dobry,"1 136,33 zł",1136.33,NIE,1100,sugerowana konfiguracja,https://www.refurbed.pl/p/iphone-13/14165b/?offer=17263393
2026-07-25 09:04:27,sugerowana_konfiguracja,iPhone 13,Gwiazda Polarna,256 GB,Bardzo dobry,"1 346,45 zł",1346.45,NIE,1100,sugerowana konfiguracja,https://www.refurbed.pl/p/iphone-13/14165b/?offer=17263393
2026-07-24 09:25:28,glowny_produkt,"iPhone 13 128 GB | Dual-SIM (eSIM, Nano-SIM) | Gwiezdna poświata",do_odczytania,do_odczytania,do_odczytania,"1 138,18 zł",1138.18,NIE,1100,W magazynie,https://www.refurbed.pl/p/iphone-13/14165b/?offer=17263393
2026-07-24 09:25:28,sugerowana_konfiguracja,iPhone 13,Gwiazda Polarna,128 GB,Bardzo dobry,"1 277,07 zł",1277.07,NIE,1100,sugerowana konfiguracja,https://www.refurbed.pl/p/iphone-13/14165b/?offer=17263393
2026-07-24 09:25:28,sugerowana_konfiguracja,iPhone 13,Gwiazda Polarna,128 GB,Bardzo dobry,"1 277,07 zł",1277.07,NIE,1100,sugerowana konfiguracja,https://www.refurbed.pl/p/iphone-13/14165b/?offer=17263393
2026-07-24 09:25:28,sugerowana_konfiguracja,iPhone 13,niebieski,128 GB,Dobry,"1 138,18 zł",1138.18,NIE,1100,sugerowana konfiguracja,https://www.refurbed.pl/p/iphone-13/14165b/?offer=17263393
2026-07-24 09:25:28,sugerowana_konfiguracja,iPhone 13,Północ,256 GB,Dobry,"1 303,62 zł",1303.62,NIE,1100,sugerowana konfiguracja,https://www.refurbed.pl/p/iphone-13/14165b/?offer=17263393
2026-07-24 09:25:28,sugerowana_konfiguracja,iPhone 13,Północ,512 GB,Premium,"1 970,61 zł",1970.61,NIE,1100,sugerowana konfiguracja,https://www.refurbed.pl/p/iphone-13/14165b/?offer=17263393
2026-07-23 09:28:40,glowny_produkt,"iPhone 13 128 GB | Dual-SIM (eSIM, Nano-SIM) | Gwiezdna poświata",do_odczytania,do_odczytania,do_odczytania,"1 099,99 zł",1099.99,TAK,1100,W magazynie,https://www.refurbed.pl/p/iphone-13/14165b/?offer=17263393
2026-07-23 09:28:40,sugerowana_konfiguracja,iPhone 13,Gwiazda Polarna,128 GB,Bardzo dobry,"1 276,16 zł",1276.16,NIE,1100,sugerowana konfiguracja,https://www.refurbed.pl/p/iphone-13/14165b/?offer=17263393
2026-07-23 09:28:40,sugerowana_konfiguracja,iPhone 13,Gwiazda Polarna,128 GB,Bardzo dobry,"1 276,16 zł",1276.16,NIE,1100,sugerowana konfiguracja,https://www.refurbed.pl/p/iphone-13/14165b/?offer=17263393
2026-07-23 09:28:40,sugerowana_konfiguracja,iPhone 13,Północ,128 GB,Dobry,"1 099,99 zł",1099.99,TAK,1100,sugerowana konfiguracja,https://www.refurbed.pl/p/iphone-13/14165b/?offer=17263393
2026-07-23 09:28:40,sugerowana_konfiguracja,iPhone 13,niebieski,256 GB,Dobry,"1 342,88 zł",1342.88,NIE,1100,sugerowana konfiguracja,https://www.refurbed.pl/p/iphone-13/14165b/?offer=17263393
2026-07-23 09:28:40,sugerowana_konfiguracja,iPhone 13,Gwiazda Polarna,512 GB,Premium,"1 842,57 zł",1842.57,NIE,1100,sugerowana konfiguracja,https://www.refurbed.pl/p/iphone-13/14165b/?offer=17263393
2026-07-23 09:28:40,sugerowana_konfiguracja,iPhone 13,niebieski,512 GB,Premium,"1 943,28 zł",1943.28,NIE,1100,sugerowana konfiguracja,https://www.refurbed.pl/p/iphone-13/14165b/?offer=17263393
2026-07-23 09:28:40,sugerowana_konfiguracja,iPhone 13,zielony,512 GB,Premium,"1 943,28 zł",1943.28,NIE,1100,sugerowana konfiguracja,https://www.refurbed.pl/p/iphone-13/14165b/?offer=17263393
2026-07-23 09:28:40,sugerowana_konfiguracja,iPhone 13,różowy,512 GB,Premium,"1 943,28 zł",1943.28,NIE,1100,sugerowana konfiguracja,https://www.refurbed.pl/p/iphone-13/14165b/?offer=17263393
2026-07-23 09:28:40,sugerowana_konfiguracja,iPhone 13,Północ,512 GB,Premium,"1 969,20 zł",1969.2,NIE,1100,sugerowana konfiguracja,https://www.refurbed.pl/p/iphone-13/14165b/?offer=17263393
2026-07-22 09:31:25,glowny_produkt,"iPhone 13 128 GB | Dual-SIM (eSIM, Nano-SIM) | Gwiezdna poświata",do_odczytania,do_odczytania,do_odczytania,"1 128,58 zł",1128.58,NIE,1100,W magazynie,https://www.refurbed.pl/p/iphone-13/14165b/?offer=17263393
2026-07-22 09:31:25,sugerowana_konfiguracja,iPhone 13,Gwiazda Polarna,128 GB,Bardzo dobry,"1 276,12 zł",1276.12,NIE,1100,sugerowana konfiguracja,https://www.refurbed.pl/p/iphone-13/14165b/?offer=17263393
2026-07-22 09:31:25,sugerowana_konfiguracja,iPhone 13,Gwiazda Polarna,128 GB,Bardzo dobry,"1 276,12 zł",1276.12,NIE,1100,sugerowana konfiguracja,https://www.refurbed.pl/p/iphone-13/14165b/?offer=17263393
2026-07-22 09:31:25,sugerowana_konfiguracja,iPhone 13,Północ,128 GB,Dobry,"1 222,24 zł",1222.24,NIE,1100,sugerowana konfiguracja,https://www.refurbed.pl/p/iphone-13/14165b/?offer=17263393
2026-07-22 09:31:25,sugerowana_konfiguracja,iPhone 13,Północ,256 GB,Premium,"1 380,60 zł",1380.6,NIE,1100,sugerowana konfiguracja,https://www.refurbed.pl/p/iphone-13/14165b/?offer=17263393
2026-07-22 09:31:25,sugerowana_konfiguracja,iPhone 13,czerwony,256 GB,Dobry,"1 445,52 zł",1445.52,NIE,1100,sugerowana konfiguracja,https://www.refurbed.pl/p/iphone-13/14165b/?offer=17263393
2026-07-22 09:31:25,sugerowana_konfiguracja,iPhone 13,niebieski,256 GB,Jak nowy,"1 454,13 zł",1454.13,NIE,1100,sugerowana konfiguracja,https://www.refurbed.pl/p/iphone-13/14165b/?offer=17263393
2026-07-22 09:31:25,sugerowana_konfiguracja,iPhone 13,Gwiazda Polarna,256 GB,Jak nowy,"1 454,13 zł",1454.13,NIE,1100,sugerowana konfiguracja,https://www.refurbed.pl/p/iphone-13/14165b/?offer=17263393
2026-07-22 09:31:25,sugerowana_konfiguracja,iPhone 13,Gwiazda Polarna,512 GB,Premium,"1 842,51 zł",1842.51,NIE,1100,sugerowana konfiguracja,https://www.refurbed.pl/p/iphone-13/14165b/?offer=17263393
2026-07-22 09:31:25,sugerowana_konfiguracja,iPhone 13,niebieski,512 GB,Premium,"1 943,22 zł",1943.22,NIE,1100,sugerowana konfiguracja,https://www.refurbed.pl/p/iphone-13/14165b/?offer=17263393
2026-07-22 09:31:25,sugerowana_konfiguracja,iPhone 13,zielony,512 GB,Premium,"1 943,22 zł",1943.22,NIE,1100,sugerowana konfiguracja,https://www.refurbed.pl/p/iphone-13/14165b/?offer=17263393
2026-07-22 09:31:25,sugerowana_konfiguracja,iPhone 13,różowy,512 GB,Premium,"1 943,22 zł",1943.22,NIE,1100,sugerowana konfiguracja,https://www.refurbed.pl/p/iphone-13/14165b/?offer=17263393
2026-07-22 09:31:25,sugerowana_konfiguracja,iPhone 13,Północ,512 GB,Premium,"1 969,15 zł",1969.15,NIE,1100,sugerowana konfiguracja,https://www.refurbed.pl/p/iphone-13/14165b/?offer=17263393
2026-07-21 09:32:07,glowny_produkt,"iPhone 13 128 GB | Dual-SIM (eSIM, Nano-SIM) | Gwiezdna poświata",do_odczytania,do_odczytania,do_odczytania,"1 146,42 zł",1146.42,NIE,1100,W magazynie,https://www.refurbed.pl/p/iphone-13/14165b/?offer=17263393
2026-07-21 09:32:07,sugerowana_konfiguracja,iPhone 13,Gwiazda Polarna,128 GB,Bardzo dobry,"1 277,53 zł",1277.53,NIE,1100,sugerowana konfiguracja,https://www.refurbed.pl/p/iphone-13/14165b/?offer=17263393
2026-07-21 09:32:07,sugerowana_konfiguracja,iPhone 13,Gwiazda Polarna,128 GB,Bardzo dobry,"1 277,53 zł",1277.53,NIE,1100,sugerowana konfiguracja,https://www.refurbed.pl/p/iphone-13/14165b/?offer=17263393
2026-07-21 09:32:07,sugerowana_konfiguracja,iPhone 13,Północ,128 GB,Dobry,"1 256,47 zł",1256.47,NIE,1100,sugerowana konfiguracja,https://www.refurbed.pl/p/iphone-13/14165b/?offer=17263393
2026-07-21 09:32:07,sugerowana_konfiguracja,iPhone 13,niebieski,256 GB,Dobry,"1 349,84 zł",1349.84,NIE,1100,sugerowana konfiguracja,https://www.refurbed.pl/p/iphone-13/14165b/?offer=17263393
2026-07-21 09:32:07,sugerowana_konfiguracja,iPhone 13,Gwiazda Polarna,256 GB,Jak nowy,"1 455,73 zł",1455.73,NIE,1100,sugerowana konfiguracja,https://www.refurbed.pl/p/iphone-13/14165b/?offer=17263393
2026-07-21 09:32:07,sugerowana_konfiguracja,iPhone 13,różowy,256 GB,Jak nowy,"1 455,73 zł",1455.73,NIE,1100,sugerowana konfiguracja,https://www.refurbed.pl/p/iphone-13/14165b/?offer=17263393
2026-07-21 09:32:07,sugerowana_konfiguracja,iPhone 13,niebieski,512 GB,Premium,"1 945,36 zł",1945.36,NIE,1100,sugerowana konfiguracja,https://www.refurbed.pl/p/iphone-13/14165b/?offer=17263393
2026-07-21 09:32:07,sugerowana_konfiguracja,iPhone 13,Północ,512 GB,Premium,"1 971,31 zł",1971.31,NIE,1100,sugerowana konfiguracja,https://www.refurbed.pl/p/iphone-13/14165b/?offer=17263393
2026-07-21 09:32:07,sugerowana_konfiguracja,iPhone 13,Gwiazda Polarna,512 GB,Jak nowy,"2 075,34 zł",2075.34,NIE,1100,sugerowana konfiguracja,https://www.refurbed.pl/p/iphone-13/14165b/?offer=17263393
2026-07-20 22:15:23,glowny_produkt,"iPhone 13 128 GB | Dual-SIM (eSIM, Nano-SIM) | Gwiezdna poświata",do_odczytania,do_odczytania,do_odczytania,"1 251,80 zł",1251.8,,,W magazynie,https://www.refurbed.pl/p/iphone-13/14165b/?offer=17263393
2026-07-20 22:15:23,sugerowana_konfiguracja,iPhone 13,Gwiazda Polarna,128 GB,Bardzo dobry,"1 277,18 zł",1277.18,,,sugerowana konfiguracja,https://www.refurbed.pl/p/iphone-13/14165b/?offer=17263393
2026-07-20 22:15:23,sugerowana_konfiguracja,iPhone 13,Gwiazda Polarna,128 GB,Bardzo dobry,"1 277,18 zł",1277.18,,,sugerowana konfiguracja,https://www.refurbed.pl/p/iphone-13/14165b/?offer=17263393
2026-07-20 22:15:23,sugerowana_konfiguracja,iPhone 13,Północ,128 GB,Dobry,"1 251,80 zł",1251.8,,,sugerowana konfiguracja,https://www.refurbed.pl/p/iphone-13/14165b/?offer=17263393
2026-07-20 22:15:23,sugerowana_konfiguracja,iPhone 13,niebieski,256 GB,Dobry,"1 363,42 zł",1363.42,,,sugerowana konfiguracja,https://www.refurbed.pl/p/iphone-13/14165b/?offer=17263393
2026-07-20 22:15:23,sugerowana_konfiguracja,iPhone 13,niebieski,512 GB,Premium,"1 944,83 zł",1944.83,,,sugerowana konfiguracja,https://www.refurbed.pl/p/iphone-13/14165b/?offer=17263393
2026-07-20 22:15:23,sugerowana_konfiguracja,iPhone 13,Północ,512 GB,Premium,"1 970,78 zł",1970.78,,,sugerowana konfiguracja,https://www.refurbed.pl/p/iphone-13/14165b/?offer=17263393
2026-07-20 22:15:23,sugerowana_konfiguracja,iPhone 13,Gwiazda Polarna,512 GB,Jak nowy,"2 074,78 zł",2074.78,,,sugerowana konfiguracja,https://www.refurbed.pl/p/iphone-13/14165b/?offer=17263393
2026-07-20 20:29:23,glowny_produkt,"iPhone 13 128 GB | Dual-SIM (eSIM, Nano-SIM) | Gwiezdna poświata",do_odczytania,do_odczytania,do_odczytania,"1 251,80 zł",1251.8,,,W magazynie,https://www.refurbed.pl/p/iphone-13/14165b/?offer=17263393
2026-07-20 20:29:23,sugerowana_konfiguracja,iPhone 13,Gwiazda Polarna,128 GB,Bardzo dobry,"1 277,18 zł",1277.18,,,sugerowana konfiguracja,https://www.refurbed.pl/p/iphone-13/14165b/?offer=17263393
2026-07-20 20:29:23,sugerowana_konfiguracja,iPhone 13,Gwiazda Polarna,128 GB,Bardzo dobry,"1 277,18 zł",1277.18,,,sugerowana konfiguracja,https://www.refurbed.pl/p/iphone-13/14165b/?offer=17263393
2026-07-20 20:29:23,sugerowana_konfiguracja,iPhone 13,niebieski,128 GB,Dobry,"1 251,80 zł",1251.8,,,sugerowana konfiguracja,https://www.refurbed.pl/p/iphone-13/14165b/?offer=17263393
2026-07-20 20:29:23,sugerowana_konfiguracja,iPhone 13,niebieski,256 GB,Dobry,"1 363,42 zł",1363.42,,,sugerowana konfiguracja,https://www.refurbed.pl/p/iphone-13/14165b/?offer=17263393
2026-07-20 20:29:23,sugerowana_konfiguracja,iPhone 13,niebieski,512 GB,Premium,"1 944,83 zł",1944.83,,,sugerowana konfiguracja,https://www.refurbed.pl/p/iphone-13/14165b/?offer=17263393
2026-07-20 20:29:23,sugerowana_konfiguracja,iPhone 13,Północ,512 GB,Premium,"1 970,78 zł",1970.78,,,sugerowana konfiguracja,https://www.refurbed.pl/p/iphone-13/14165b/?offer=17263393
2026-07-20 20:29:23,sugerowana_konfiguracja,iPhone 13,Gwiazda Polarna,512 GB,Jak nowy,"2 074,78 zł",2074.78,,,sugerowana konfiguracja,https://www.refurbed.pl/p/iphone-13/14165b/?offer=17263393
2026-07-20 20:19:20,glowny_produkt,"iPhone 13 128 GB | Dual-SIM (eSIM, Nano-SIM) | Gwiezdna poświata",do_odczytania,do_odczytania,do_odczytania,"1 251,80 zł",1251.8,,,W magazynie,https://www.refurbed.pl/p/iphone-13/14165b/?offer=17263393
2026-07-20 20:19:20,sugerowana_konfiguracja,iPhone 13,Gwiazda Polarna,128 GB,Bardzo dobry,"1 277,18 zł",1277.18,,,sugerowana konfiguracja,https://www.refurbed.pl/p/iphone-13/14165b/?offer=17263393
2026-07-20 20:19:20,sugerowana_konfiguracja,iPhone 13,Gwiazda Polarna,128 GB,Bardzo dobry,"1 277,18 zł",1277.18,,,sugerowana konfiguracja,https://www.refurbed.pl/p/iphone-13/14165b/?offer=17263393
2026-07-20 20:19:20,sugerowana_konfiguracja,iPhone 13,niebieski,128 GB,Dobry,"1 251,80 zł",1251.8,,,sugerowana konfiguracja,https://www.refurbed.pl/p/iphone-13/14165b/?offer=17263393
2026-07-20 20:19:20,sugerowana_konfiguracja,iPhone 13,niebieski,256 GB,Dobry,"1 363,42 zł",1363.42,,,sugerowana konfiguracja,https://www.refurbed.pl/p/iphone-13/14165b/?offer=17263393
2026-07-20 20:19:20,sugerowana_konfiguracja,iPhone 13,niebieski,512 GB,Premium,"1 944,83 zł",1944.83,,,sugerowana konfiguracja,https://www.refurbed.pl/p/iphone-13/14165b/?offer=17263393
2026-07-20 20:19:20,sugerowana_konfiguracja,iPhone 13,Północ,512 GB,Premium,"1 970,78 zł",1970.78,,,sugerowana konfiguracja,https://www.refurbed.pl/p/iphone-13/14165b/?offer=17263393
2026-07-20 20:19:20,sugerowana_konfiguracja,iPhone 13,Gwiazda Polarna,512 GB,Jak nowy,"2 074,78 zł",2074.78,,,sugerowana konfiguracja,https://www.refurbed.pl/p/iphone-13/14165b/?offer=17263393
2026-07-20 10:17:53,glowny_produkt,"iPhone 13 128 GB | Dual-SIM (eSIM, Nano-SIM) | Gwiezdna poświata",do_odczytania,do_odczytania,do_odczytania,"1 180,89 zł",1180.89,,,W magazynie,https://www.refurbed.pl/p/iphone-13/14165b/?offer=17263393
2026-07-20 10:17:53,sugerowana_konfiguracja,iPhone 13,Gwiazda Polarna,128 GB,Bardzo dobry,"1 280,13 zł",1280.13,,,sugerowana konfiguracja,https://www.refurbed.pl/p/iphone-13/14165b/?offer=17263393
2026-07-20 10:17:53,sugerowana_konfiguracja,iPhone 13,Gwiazda Polarna,128 GB,Bardzo dobry,"1 280,13 zł",1280.13,,,sugerowana konfiguracja,https://www.refurbed.pl/p/iphone-13/14165b/?offer=17263393
2026-07-20 10:17:53,sugerowana_konfiguracja,iPhone 13,niebieski,128 GB,Dobry,"1 254,69 zł",1254.69,,,sugerowana konfiguracja,https://www.refurbed.pl/p/iphone-13/14165b/?offer=17263393
2026-07-20 10:17:53,sugerowana_konfiguracja,iPhone 13,różowy,256 GB,Dobry,"1 399,99 zł",1399.99,,,sugerowana konfiguracja,https://www.refurbed.pl/p/iphone-13/14165b/?offer=17263393
2026-07-20 10:17:53,sugerowana_konfiguracja,iPhone 13,Gwiazda Polarna,512 GB,Jak nowy,"2 079,58 zł",2079.58,,,sugerowana konfiguracja,https://www.refurbed.pl/p/iphone-13/14165b/?offer=17263393
2026-07-19 09:08:42,glowny_produkt,"iPhone 13 128 GB | Dual-SIM (eSIM, Nano-SIM) | Gwiezdna poświata",do_odczytania,do_odczytania,do_odczytania,"1 179,25 zł",1179.25,,,W magazynie,https://www.refurbed.pl/p/iphone-13/14165b/?offer=17263393
2026-07-19 09:08:42,sugerowana_konfiguracja,iPhone 13,Gwiazda Polarna,128 GB,Bardzo dobry,"1 278,36 zł",1278.36,,,sugerowana konfiguracja,https://www.refurbed.pl/p/iphone-13/14165b/?offer=17263393
2026-07-19 09:08:42,sugerowana_konfiguracja,iPhone 13,Gwiazda Polarna,128 GB,Bardzo dobry,"1 278,36 zł",1278.36,,,sugerowana konfiguracja,https://www.refurbed.pl/p/iphone-13/14165b/?offer=17263393
2026-07-19 09:08:42,sugerowana_konfiguracja,iPhone 13,niebieski,128 GB,Dobry,"1 252,95 zł",1252.95,,,sugerowana konfiguracja,https://www.refurbed.pl/p/iphone-13/14165b/?offer=17263393
2026-07-19 09:08:42,sugerowana_konfiguracja,iPhone 13,różowy,256 GB,Jak nowy,"1 430,66 zł",1430.66,,,sugerowana konfiguracja,https://www.refurbed.pl/p/iphone-13/14165b/?offer=17263393
2026-07-19 09:08:42,sugerowana_konfiguracja,iPhone 13,niebieski,256 GB,Bardzo dobry,"1 445,40 zł",1445.4,,,sugerowana konfiguracja,https://www.refurbed.pl/p/iphone-13/14165b/?offer=17263393
2026-07-19 09:08:42,sugerowana_konfiguracja,iPhone 13,Północ,256 GB,Premium,"1 777,54 zł",1777.54,,,sugerowana konfiguracja,https://www.refurbed.pl/p/iphone-13/14165b/?offer=17263393
2026-07-19 09:08:42,sugerowana_konfiguracja,iPhone 13,niebieski,512 GB,Premium,"1 946,63 zł",1946.63,,,sugerowana konfiguracja,https://www.refurbed.pl/p/iphone-13/14165b/?offer=17263393
2026-07-19 09:08:42,sugerowana_konfiguracja,iPhone 13,Północ,512 GB,Premium,"1 972,60 zł",1972.6,,,sugerowana konfiguracja,https://www.refurbed.pl/p/iphone-13/14165b/?offer=17263393
2026-07-18 08:52:52,glowny_produkt,"iPhone 13 128 GB | Dual-SIM (eSIM, Nano-SIM) | Gwiezdna poświata",do_odczytania,do_odczytania,do_odczytania,"1 120,30 zł",1120.3,,,W magazynie,https://www.refurbed.pl/p/iphone-13/14165b/?offer=17263393
2026-07-18 08:52:52,sugerowana_konfiguracja,iPhone 13,Gwiazda Polarna,128 GB,Bardzo dobry,"1 279,46 zł",1279.46,,,sugerowana konfiguracja,https://www.refurbed.pl/p/iphone-13/14165b/?offer=17263393
2026-07-18 08:52:52,sugerowana_konfiguracja,iPhone 13,Gwiazda Polarna,128 GB,Bardzo dobry,"1 279,46 zł",1279.46,,,sugerowana konfiguracja,https://www.refurbed.pl/p/iphone-13/14165b/?offer=17263393
2026-07-18 08:52:52,sugerowana_konfiguracja,iPhone 13,Północ,128 GB,Dobry,"1 186,78 zł",1186.78,,,sugerowana konfiguracja,https://www.refurbed.pl/p/iphone-13/14165b/?offer=17263393
2026-07-18 08:52:52,sugerowana_konfiguracja,iPhone 13,Gwiazda Polarna,256 GB,Dobry,"1 364,86 zł",1364.86,,,sugerowana konfiguracja,https://www.refurbed.pl/p/iphone-13/14165b/?offer=17263393
2026-07-18 08:52:52,sugerowana_konfiguracja,iPhone 13,różowy,256 GB,Jak nowy,"1 431,90 zł",1431.9,,,sugerowana konfiguracja,https://www.refurbed.pl/p/iphone-13/14165b/?offer=17263393
2026-07-18 08:52:52,sugerowana_konfiguracja,iPhone 13,Północ,256 GB,Premium,"1 779,08 zł",1779.08,,,sugerowana konfiguracja,https://www.refurbed.pl/p/iphone-13/14165b/?offer=17263393
2026-07-18 08:52:52,sugerowana_konfiguracja,iPhone 13,niebieski,512 GB,Premium,"1 948,31 zł",1948.31,,,sugerowana konfiguracja,https://www.refurbed.pl/p/iphone-13/14165b/?offer=17263393
2026-07-18 08:52:52,sugerowana_konfiguracja,iPhone 13,Północ,512 GB,Premium,"1 974,30 zł",1974.3,,,sugerowana konfiguracja,https://www.refurbed.pl/p/iphone-13/14165b/?offer=17263393
2026-07-17 09:14:26,glowny_produkt,"iPhone 13 128 GB | Dual-SIM (eSIM, Nano-SIM) | Gwiezdna poświata",do_odczytania,do_odczytania,do_odczytania,"1 117,92 zł",1117.92,,,W magazynie,https://www.refurbed.pl/p/iphone-13/14165b/?offer=17263393
2026-07-17 09:14:26,sugerowana_konfiguracja,iPhone 13,Gwiazda Polarna,128 GB,Bardzo dobry,"1 276,75 zł",1276.75,,,sugerowana konfiguracja,https://www.refurbed.pl/p/iphone-13/14165b/?offer=17263393
2026-07-17 09:14:26,sugerowana_konfiguracja,iPhone 13,Gwiazda Polarna,128 GB,Bardzo dobry,"1 276,75 zł",1276.75,,,sugerowana konfiguracja,https://www.refurbed.pl/p/iphone-13/14165b/?offer=17263393
2026-07-17 09:14:26,sugerowana_konfiguracja,iPhone 13,Północ,128 GB,Dobry,"1 184,26 zł",1184.26,,,sugerowana konfiguracja,https://www.refurbed.pl/p/iphone-13/14165b/?offer=17263393
2026-07-17 09:14:26,sugerowana_konfiguracja,iPhone 13,niebieski,256 GB,Dobry,"1 343,50 zł",1343.5,,,sugerowana konfiguracja,https://www.refurbed.pl/p/iphone-13/14165b/?offer=17263393
2026-07-17 09:14:26,sugerowana_konfiguracja,iPhone 13,Północ,256 GB,Premium,"1 775,31 zł",1775.31,,,sugerowana konfiguracja,https://www.refurbed.pl/p/iphone-13/14165b/?offer=17263393
2026-07-17 09:14:26,sugerowana_konfiguracja,iPhone 13,niebieski,512 GB,Premium,"1 944,18 zł",1944.18,,,sugerowana konfiguracja,https://www.refurbed.pl/p/iphone-13/14165b/?offer=17263393
2026-07-17 09:14:26,sugerowana_konfiguracja,iPhone 13,Północ,512 GB,Premium,"1 970,12 zł",1970.12,,,sugerowana konfiguracja,https://www.refurbed.pl/p/iphone-13/14165b/?offer=17263393
2026-07-16 09:20:30,glowny_produkt,"iPhone 13 128 GB | Dual-SIM (eSIM, Nano-SIM) | Gwiezdna poświata",do_odczytania,do_odczytania,do_odczytania,"1 111,40 zł",1111.4,,,W magazynie,https://www.refurbed.pl/p/iphone-13/14165b/?offer=17263393
2026-07-16 09:20:30,sugerowana_konfiguracja,iPhone 13,Gwiazda Polarna,128 GB,Bardzo dobry,"1 274,33 zł",1274.33,,,sugerowana konfiguracja,https://www.refurbed.pl/p/iphone-13/14165b/?offer=17263393
2026-07-16 09:20:30,sugerowana_konfiguracja,iPhone 13,Gwiazda Polarna,128 GB,Bardzo dobry,"1 274,33 zł",1274.33,,,sugerowana konfiguracja,https://www.refurbed.pl/p/iphone-13/14165b/?offer=17263393
2026-07-16 09:20:30,sugerowana_konfiguracja,iPhone 13,różowy,128 GB,Bardzo dobry,"1 111,40 zł",1111.4,,,sugerowana konfiguracja,https://www.refurbed.pl/p/iphone-13/14165b/?offer=17263393
2026-07-16 09:20:30,sugerowana_konfiguracja,iPhone 13,niebieski,256 GB,Dobry,"1 249,31 zł",1249.31,,,sugerowana konfiguracja,https://www.refurbed.pl/p/iphone-13/14165b/?offer=17263393
2026-07-16 09:20:30,sugerowana_konfiguracja,iPhone 13,różowy,256 GB,Jak nowy,"1 426,16 zł",1426.16,,,sugerowana konfiguracja,https://www.refurbed.pl/p/iphone-13/14165b/?offer=17263393
2026-07-16 09:20:30,sugerowana_konfiguracja,iPhone 13,Północ,256 GB,Premium,"1 771,95 zł",1771.95,,,sugerowana konfiguracja,https://www.refurbed.pl/p/iphone-13/14165b/?offer=17263393
2026-07-16 09:20:30,sugerowana_konfiguracja,iPhone 13,niebieski,512 GB,Premium,"1 940,50 zł",1940.5,,,sugerowana konfiguracja,https://www.refurbed.pl/p/iphone-13/14165b/?offer=17263393
2026-07-16 09:20:30,sugerowana_konfiguracja,iPhone 13,Północ,512 GB,Premium,"1 966,39 zł",1966.39,,,sugerowana konfiguracja,https://www.refurbed.pl/p/iphone-13/14165b/?offer=17263393
2026-07-15 09:14:49,glowny_produkt,"iPhone 13 128 GB | Dual-SIM (eSIM, Nano-SIM) | Gwiezdna poświata",do_odczytania,do_odczytania,do_odczytania,"1 125,06 zł",1125.06,,,W magazynie,https://www.refurbed.pl/p/iphone-13/14165b/?offer=17263393
2026-07-15 09:14:49,sugerowana_konfiguracja,iPhone 13,Gwiazda Polarna,128 GB,Bardzo dobry,"1 250,84 zł",1250.84,,,sugerowana konfiguracja,https://www.refurbed.pl/p/iphone-13/14165b/?offer=17263393
2026-07-14 21:02:07,glowny_produkt,"iPhone 13 128 GB | Dual-SIM (eSIM, Nano-SIM) | Gwiezdna poświata",do_odczytania,do_odczytania,do_odczytania,"1 110,42 zł",1110.42,,,W magazynie,https://www.refurbed.pl/p/iphone-13/14165b/?offer=17263393
2026-07-14 21:02:07,sugerowana_konfiguracja,iPhone 13,Gwiazda Polarna,128 GB,Bardzo dobry,"1 268,92 zł",1268.92,,,sugerowana konfiguracja,https://www.refurbed.pl/p/iphone-13/14165b/?offer=17263393
